{
  "judge_ckpt": "checkpoints/cifar10_judge.pt",
  "epochs": 25,
  "test_accuracy": 93.08,
  "per_class_accuracy": {
    "0": 94.5,
    "1": 97.19999694824219,
    "2": 90.69999694824219,
    "3": 84.9000015258789,
    "4": 93.69999694824219,
    "5": 89.5,
    "6": 94.5,
    "7": 94.30000305175781,
    "8": 96.0,
    "9": 95.5
  },
  "margin_quantiles": {
    "p05": 0.40795448422431946,
    "p10": 0.7249809503555298,
    "p20": 0.9525420069694519,
    "p25": 0.9783535003662109,
    "p50": 0.9990078210830688
  },
  "near_boundary_threshold": 0.9525420069694519,
  "threshold_quantile": 0.2,
  "real_near_boundary_frac": 0.20000000298023224
}