{
  "judge_ckpt": "checkpoints/cifar10_judge_smoke.pt",
  "epochs": 1,
  "test_accuracy": 42.33,
  "per_class_accuracy": {
    "0": 21.100000381469727,
    "1": 64.9000015258789,
    "2": 39.5,
    "3": 6.699999809265137,
    "4": 40.099998474121094,
    "5": 44.599998474121094,
    "6": 39.099998474121094,
    "7": 42.20000076293945,
    "8": 76.4000015258789,
    "9": 48.70000076293945
  },
  "margin_quantiles": {
    "p05": 0.007715247571468353,
    "p10": 0.016781555488705635,
    "p20": 0.03648190200328827,
    "p25": 0.04689277336001396,
    "p50": 0.12317410856485367
  },
  "near_boundary_threshold": 0.03648190200328827,
  "threshold_quantile": 0.2,
  "real_near_boundary_frac": 0.20000000298023224
}