{
  "metadata": {
    "checkpoint": "ddpm_mnist.pt",
    "git_commit": "05f0d3d",
    "device": "cuda",
    "per_digit": 1000,
    "tstr_epochs": 20,
    "real_ref_precision": 0.9517168998718262,
    "fid_note": "MNIST-FID (mnist_cnn.pt features), not Inception-FID"
  },
  "rows": [
    {
      "config": "ddpm_s1000_g3",
      "sampler": "ddpm",
      "steps": 1000,
      "eta": 0.0,
      "guidance": 3.0,
      "n_images": 10000,
      "wall_clock_s": 6929.219,
      "imgs_per_s": 1.44,
      "tstr_acc": 94.93,
      "tstr_per_class": {
        "0": 98.26530612244898,
        "1": 98.94273127753304,
        "2": 95.73643410852713,
        "3": 96.13861386138613,
        "4": 95.92668024439918,
        "5": 95.96412556053812,
        "6": 95.82463465553236,
        "7": 89.59143968871595,
        "8": 90.14373716632444,
        "9": 92.46778989098117
      },
      "fid": 14.5756,
      "precision": 0.9665,
      "recall": 0.6966,
      "density": 1.0977,
      "coverage": 0.774,
      "verdict": "PASS (acceptable, 90.00% <= accuracy < 95.00%)"
    },
    {
      "config": "ddim_s50_eta0_g1",
      "sampler": "ddim",
      "steps": 50,
      "eta": 0.0,
      "guidance": 1.0,
      "n_images": 10000,
      "wall_clock_s": 225.125,
      "imgs_per_s": 44.42,
      "tstr_acc": 97.33,
      "tstr_per_class": {
        "0": 99.6938775510204,
        "1": 98.23788546255507,
        "2": 99.2248062015504,
        "3": 97.42574257425743,
        "4": 97.86150712830957,
        "5": 98.4304932735426,
        "6": 97.07724425887265,
        "7": 95.23346303501945,
        "8": 97.12525667351129,
        "9": 93.06243805748265
      },
      "fid": 10.9149,
      "precision": 0.9131,
      "recall": 0.9114,
      "density": 0.8649,
      "coverage": 0.8674,
      "verdict": "PASS (high quality, accuracy >= 95.00%)"
    },
    {
      "config": "ddim_s50_eta0_g2",
      "sampler": "ddim",
      "steps": 50,
      "eta": 0.0,
      "guidance": 2.0,
      "n_images": 10000,
      "wall_clock_s": 444.407,
      "imgs_per_s": 22.5,
      "tstr_acc": 96.37,
      "tstr_per_class": {
        "0": 98.6734693877551,
        "1": 98.59030837004406,
        "2": 98.06201550387597,
        "3": 97.32673267326733,
        "4": 97.04684317718942,
        "5": 98.76681614349776,
        "6": 96.24217118997912,
        "7": 91.147859922179,
        "8": 94.55852156057495,
        "9": 93.3597621407334
      },
      "fid": 8.8063,
      "precision": 0.9636,
      "recall": 0.8039,
      "density": 1.071,
      "coverage": 0.8443,
      "verdict": "PASS (high quality, accuracy >= 95.00%)"
    },
    {
      "config": "ddim_s50_eta0_g3",
      "sampler": "ddim",
      "steps": 50,
      "eta": 0.0,
      "guidance": 3.0,
      "n_images": 10000,
      "wall_clock_s": 418.5,
      "imgs_per_s": 23.89,
      "tstr_acc": 94.95,
      "tstr_per_class": {
        "0": 96.73469387755102,
        "1": 98.94273127753304,
        "2": 97.09302325581395,
        "3": 95.04950495049505,
        "4": 96.43584521384929,
        "5": 97.30941704035874,
        "6": 95.51148225469728,
        "7": 88.32684824902724,
        "8": 92.19712525667352,
        "9": 91.77403369672943
      },
      "fid": 20.4483,
      "precision": 0.9651,
      "recall": 0.6638,
      "density": 1.1219,
      "coverage": 0.7337,
      "verdict": "PASS (acceptable, 90.00% <= accuracy < 95.00%)"
    },
    {
      "config": "ddim_s50_eta0_g5",
      "sampler": "ddim",
      "steps": 50,
      "eta": 0.0,
      "guidance": 5.0,
      "n_images": 10000,
      "wall_clock_s": 443.313,
      "imgs_per_s": 22.56,
      "tstr_acc": 92.78,
      "tstr_per_class": {
        "0": 90.51020408163265,
        "1": 99.03083700440529,
        "2": 89.34108527131782,
        "3": 95.24752475247524,
        "4": 93.58452138492872,
        "5": 97.19730941704036,
        "6": 93.63256784968685,
        "7": 88.61867704280155,
        "8": 88.91170431211499,
        "9": 91.47670961347869
      },
      "fid": 38.4564,
      "precision": 0.9634,
      "recall": 0.4442,
      "density": 1.096,
      "coverage": 0.5615,
      "verdict": "PASS (acceptable, 90.00% <= accuracy < 95.00%)"
    },
    {
      "config": "ddim_s50_eta0_g7",
      "sampler": "ddim",
      "steps": 50,
      "eta": 0.0,
      "guidance": 7.0,
      "n_images": 10000,
      "wall_clock_s": 443.719,
      "imgs_per_s": 22.54,
      "tstr_acc": 88.22,
      "tstr_per_class": {
        "0": 72.55102040816327,
        "1": 99.03083700440529,
        "2": 75.87209302325581,
        "3": 93.46534653465346,
        "4": 95.51934826883911,
        "5": 96.41255605381166,
        "6": 91.54488517745303,
        "7": 85.01945525291829,
        "8": 81.41683778234086,
        "9": 90.98116947472745
      },
      "fid": 51.8105,
      "precision": 0.9491,
      "recall": 0.2772,
      "density": 1.0223,
      "coverage": 0.4372,
      "verdict": "FAIL (accuracy < 90.00%)"
    },
    {
      "config": "ddim_s20_eta0_g1",
      "sampler": "ddim",
      "steps": 20,
      "eta": 0.0,
      "guidance": 1.0,
      "n_images": 10000,
      "wall_clock_s": 89.984,
      "imgs_per_s": 111.13,
      "tstr_acc": 97.17,
      "tstr_per_class": {
        "0": 99.48979591836735,
        "1": 98.59030837004406,
        "2": 98.93410852713178,
        "3": 96.73267326732673,
        "4": 98.4725050916497,
        "5": 99.10313901345292,
        "6": 96.03340292275574,
        "7": 94.64980544747081,
        "8": 97.22792607802874,
        "9": 92.56689791873141
      },
      "fid": 11.4423,
      "precision": 0.9266,
      "recall": 0.8997,
      "density": 0.9032,
      "coverage": 0.8701,
      "verdict": "PASS (high quality, accuracy >= 95.00%)"
    },
    {
      "config": "ddim_s20_eta0_g2",
      "sampler": "ddim",
      "steps": 20,
      "eta": 0.0,
      "guidance": 2.0,
      "n_images": 10000,
      "wall_clock_s": 186.547,
      "imgs_per_s": 53.61,
      "tstr_acc": 95.85,
      "tstr_per_class": {
        "0": 98.9795918367347,
        "1": 98.6784140969163,
        "2": 98.44961240310077,
        "3": 96.93069306930693,
        "4": 96.43584521384929,
        "5": 97.53363228699551,
        "6": 95.92901878914405,
        "7": 88.13229571984436,
        "8": 94.45585215605749,
        "9": 92.9633300297324
      },
      "fid": 9.0009,
      "precision": 0.9686,
      "recall": 0.7652,
      "density": 1.1347,
      "coverage": 0.8395,
      "verdict": "PASS (high quality, accuracy >= 95.00%)"
    },
    {
      "config": "ddim_s20_eta0_g3",
      "sampler": "ddim",
      "steps": 20,
      "eta": 0.0,
      "guidance": 3.0,
      "n_images": 10000,
      "wall_clock_s": 181.562,
      "imgs_per_s": 55.08,
      "tstr_acc": 95.07,
      "tstr_per_class": {
        "0": 95.61224489795919,
        "1": 98.59030837004406,
        "2": 96.41472868217055,
        "3": 95.54455445544555,
        "4": 95.31568228105907,
        "5": 98.09417040358744,
        "6": 96.45093945720251,
        "7": 90.07782101167315,
        "8": 91.78644763860369,
        "9": 92.76511397423191
      },
      "fid": 21.7716,
      "precision": 0.9752,
      "recall": 0.6195,
      "density": 1.1951,
      "coverage": 0.7214,
      "verdict": "PASS (high quality, accuracy >= 95.00%)"
    },
    {
      "config": "ddim_s20_eta0_g5",
      "sampler": "ddim",
      "steps": 20,
      "eta": 0.0,
      "guidance": 5.0,
      "n_images": 10000,
      "wall_clock_s": 186.5,
      "imgs_per_s": 53.62,
      "tstr_acc": 90.73,
      "tstr_per_class": {
        "0": 85.10204081632654,
        "1": 98.6784140969163,
        "2": 83.52713178294573,
        "3": 96.73267326732673,
        "4": 96.33401221995926,
        "5": 96.0762331838565,
        "6": 93.42379958246346,
        "7": 80.6420233463035,
        "8": 83.5728952772074,
        "9": 93.06243805748265
      },
      "fid": 41.1589,
      "precision": 0.9716,
      "recall": 0.3862,
      "density": 1.1742,
      "coverage": 0.5382,