{
  "metadata": {
    "dataset": "cifar10",
    "axis": "CFG guidance (cond+uncond EDM proxy)",
    "hard_classes": [
      1,
      3,
      4,
      5,
      7,
      9
    ],
    "guidance_grid": [
      1.0,
      1.5,
      2.0,
      3.0
    ],
    "per_class": 500,
    "gen_steps": 18,
    "tstr_epochs": 15,
    "note": "directional warning, not a gate; label-noise diagnosis (needs real-CIFAR judge) deferred"
  },
  "rows": [
    {
      "guidance": 1.0,
      "hard_coverage": 0.9680000444253286,
      "hard_tstr": 44.78333282470703,
      "easy_coverage": 0.9765000492334366,
      "easy_tstr": 44.32499980926514,
      "coverage_by_class": {
        "0": 0.9760000705718994,
        "1": 0.984000027179718,
        "2": 0.9600000381469727,
        "3": 0.9700000286102295,
        "4": 0.9460000395774841,
        "5": 0.9580000638961792,
        "6": 0.984000027179718,
        "7": 0.9780000448226929,
        "8": 0.9860000610351562,
        "9": 0.9720000624656677
      },
      "tstr_by_class": {
        "0": 46.0,
        "1": 64.4000015258789,
        "2": 23.200000762939453,
        "3": 23.799999237060547,
        "4": 30.5,
        "5": 42.099998474121094,
        "6": 50.79999923706055,
        "7": 53.29999923706055,
        "8": 57.29999923706055,
        "9": 54.599998474121094
      }
    },
    {
      "guidance": 1.5,
      "hard_coverage": 0.9706667164961497,
      "hard_tstr": 48.066667238871254,
      "easy_coverage": 0.9750000536441803,
      "easy_tstr": 50.77500057220459,
      "coverage_by_class": {
        "0": 0.9720000624656677,
        "1": 0.9780000448226929,
        "2": 0.956000030040741,
        "3": 0.9640000462532043,
        "4": 0.9620000720024109,
        "5": 0.956000030040741,
        "6": 0.9860000610351562,
        "7": 0.9820000529289246,
        "8": 0.9860000610351562,
        "9": 0.9820000529289246
      },
      "tstr_by_class": {
        "0": 50.5,
        "1": 59.29999923706055,
        "2": 32.400001525878906,
        "3": 35.0,
        "4": 31.600000381469727,
        "5": 46.20000076293945,
        "6": 61.400001525878906,
        "7": 53.900001525878906,
        "8": 58.79999923706055,
        "9": 62.400001525878906
      }
    },
    {
      "guidance": 2.0,
      "hard_coverage": 0.966666708389918,
      "hard_tstr": 43.833333333333336,
      "easy_coverage": 0.9785000532865524,
      "easy_tstr": 48.250000953674316,
      "coverage_by_class": {
        "0": 0.9760000705718994,
        "1": 0.9900000691413879,
        "2": 0.968000054359436,
        "3": 0.956000030040741,
        "4": 0.9340000152587891,
        "5": 0.9460000395774841,
        "6": 0.9860000610351562,
        "7": 0.9860000610351562,
        "8": 0.984000027179718,
        "9": 0.9880000352859497
      },
      "tstr_by_class": {
        "0": 48.900001525878906,
        "1": 49.400001525878906,
        "2": 33.900001525878906,
        "3": 34.099998474121094,
        "4": 35.400001525878906,
        "5": 34.5,
        "6": 54.400001525878906,
        "7": 52.5,
        "8": 55.79999923706055,
        "9": 57.099998474121094
      }
    },
    {
      "guidance": 3.0,
      "hard_coverage": 0.9416667222976685,
      "hard_tstr": 39.81666628519694,
      "easy_coverage": 0.9550000429153442,
      "easy_tstr": 47.42500019073486,
      "coverage_by_class": {
        "0": 0.9520000219345093,
        "1": 0.9480000734329224,
        "2": 0.9420000314712524,
        "3": 0.9280000329017639,
        "4": 0.8960000276565552,
        "5": 0.9480000734329224,
        "6": 0.9620000720024109,
        "7": 0.9480000734329224,
        "8": 0.9640000462532043,
        "9": 0.9820000529289246
      },
      "tstr_by_class": {
        "0": 47.400001525878906,
        "1": 41.0,
        "2": 44.20000076293945,
        "3": 35.20000076293945,
        "4": 35.599998474121094,
        "5": 30.299999237060547,
        "6": 51.0,
        "7": 45.20000076293945,
        "8": 47.099998474121094,
        "9": 51.599998474121094
      }
    }
  ],
  "verdict": {
    "signal": "難子集 coverage 未單調遞減，訊號不明確；需更多 guidance 點或更大樣本再判。",
    "hard_vs_easy": "難子集與易子集 TSTR 走向一致",
    "hard_coverage_decreasing": false,
    "hard_tstr_decreasing": false,
    "easy_tstr_decreasing": false
  },
  "args": {
    "cond": "checkpoints/edm-cifar10-32x32-cond-vp.pkl",
    "uncond": "checkpoints/edm-cifar10-32x32-uncond-vp.pkl",
    "guidance": [
      1.0,
      1.5,
      2.0,
      3.0
    ],
    "per_class": 500,
    "real_per_class": 500,
    "gen_steps": 18,
    "batch": 256,
    "nearest_k": 5,
    "tstr_epochs": 15,
    "seed": 0,
    "output": "results/flip_earlywarning.json",
    "quick": false
  }
}