{
  "metadata": {
    "checkpoint": "ddpm_mnist.pt",
    "git_commit": "05f0d3d",
    "sampler": "ddim",
    "steps": 50,
    "eta": 0.0,
    "seeds": [
      0,
      1
    ],
    "per_digit": 50,
    "compute_tstr": true,
    "tstr_epochs": 2,
    "guidance_grid": [
      1.0,
      3.0,
      7.0
    ],
    "tau_fraction": 0.9,
    "prdc_feature_space": "mnist_cnn.pt penultimate (judge CNN)"
  },
  "aggregate": {
    "n_seeds": 2,
    "per_config": [
      {
        "name": "g1",
        "guidance": 1.0,
        "precision": {
          "mean": 0.9149999856948853,
          "std": 0.007071069497739384,
          "sem": 0.0050000011920928724,
          "ci95": 0.00980000233650203,
          "min": 0.9099999845027924,
          "max": 0.9199999868869781,
          "n": 2,
          "values": [
            0.9099999845027924,
            0.9199999868869781
          ]
        },
        "coverage": {
          "mean": 0.18254328817129134,
          "std": 0.004829893969433233,
          "sem": 0.0034152507781982505,
          "ci95": 0.006693891525268571,
          "min": 0.1791280373930931,
          "max": 0.1859585389494896,
          "n": 2,
          "values": [
            0.1859585389494896,
            0.1791280373930931
          ]
        },
        "tstr": {
          "mean": 11.465,
          "std": 0.07778174593051983,
          "sem": 0.054999999999999716,
          "ci95": 0.10779999999999944,
          "min": 11.41,
          "max": 11.52,
          "n": 2,
          "values": [
            11.41,
            11.52
          ]
        },
        "near_boundary_frac": {
          "mean": 0.031000000424683094,
          "std": 0.024041630549805904,
          "sem": 0.01699999999254942,
          "ci95": 0.033319999985396864,
          "min": 0.014000000432133675,
          "max": 0.04800000041723251,
          "n": 2,
          "values": [
            0.04800000041723251,
            0.014000000432133675
          ]
        },
        "mean_margin": {
          "mean": 0.961607962846756,
          "std": 0.01815041387067098,
          "sem": 0.012834280729293822,
          "ci95": 0.02515519022941589,
          "min": 0.9487736821174622,
          "max": 0.9744422435760498,
          "n": 2,
          "values": [
            0.9487736821174622,
            0.9744422435760498
          ]
        },
        "label_noise_frac": {
          "mean": 0.03999999910593033,
          "std": 0.0028284275883615237,
          "sem": 0.0020000003278255463,
          "ci95": 0.00392000064253807,
          "min": 0.03799999877810478,
          "max": 0.041999999433755875,
          "n": 2,
          "values": [
            0.041999999433755875,
            0.03799999877810478
          ]
        }
      },
      {
        "name": "g3",
        "guidance": 3.0,
        "precision": {
          "mean": 0.9689999788999557,
          "std": 0.001414224857728543,
          "sem": 0.0010000079870224332,
          "ci95": 0.001960015654563969,
          "min": 0.9679999709129333,
          "max": 0.9699999868869782,
          "n": 2,
          "values": [
            0.9679999709129333,
            0.9699999868869782
          ]
        },
        "coverage": {
          "mean": 0.2063116930425167,
          "std": 0.002156004123164175,
          "sem": 0.0015245251357555445,
          "ci95": 0.0029880692660808673,
          "min": 0.20478716790676116,
          "max": 0.20783621817827225,
          "n": 2,
          "values": [
            0.20478716790676116,
            0.20783621817827225
          ]
        },
        "tstr": {
          "mean": 18.985,
          "std": 10.401540751254114,
          "sem": 7.3549999999999995,
          "ci95": 14.415799999999999,
          "min": 11.63,
          "max": 26.34,
          "n": 2,
          "values": [
            26.34,
            11.63
          ]
        },
        "near_boundary_frac": {
          "mean": 0.0,
          "std": 0.0,
          "sem": 0.0,
          "ci95": 0.0,
          "min": 0.0,
          "max": 0.0,
          "n": 2,
          "values": [
            0.0,
            0.0
          ]
        },
        "mean_margin": {
          "mean": 0.9997168481349945,
          "std": 0.00022510631789668503,
          "sem": 0.00015917420387268066,
          "ci95": 0.0003119814395904541,
          "min": 0.9995576739311218,
          "max": 0.9998760223388672,
          "n": 2,
          "values": [
            0.9995576739311218,
            0.9998760223388672
          ]
        },
        "label_noise_frac": {
          "mean": 0.0,
          "std": 0.0,
          "sem": 0.0,
          "ci95": 0.0,
          "min": 0.0,
          "max": 0.0,
          "n": 2,
          "values": [
            0.0,
            0.0
          ]
        }
      },
      {
        "name": "g7",
        "guidance": 7.0,
        "precision": {
          "mean": 0.9539999842643738,
          "std": 0.0,
          "sem": 0.0,
          "ci95": 0.0,
          "min": 0.9539999842643738,
          "max": 0.9539999842643738,
          "n": 2,
          "values": [
            0.9539999842643738,
            0.9539999842643738
          ]
        },
        "coverage": {
          "mean": 0.14102188646793365,
          "std": 0.0018852179971801622,
          "sem": 0.0013330504298210142,
          "ci95": 0.0026127788424491877,
          "min": 0.13968883603811263,
          "max": 0.14235493689775466,
          "n": 2,
          "values": [
            0.14235493689775466,
            0.13968883603811263
          ]
        },
        "tstr": {
          "mean": 11.59,
          "std": 0.0,
          "sem": 0.0,
          "ci95": 0.0,
          "min": 11.59,
          "max": 11.59,
          "n": 2,
          "values": [
            11.59,
            11.59
          ]
        },
        "near_boundary_frac": {
          "mean": 0.0,
          "std": 0.0,
          "sem": 0.0,
          "ci95": 0.0,
          "min": 0.0,
          "max": 0.0,
          "n": 2,
          "values": [
            0.0,
            0.0
          ]
        },
        "mean_margin": {
          "mean": 0.999979704618454,
          "std": 8.850838187287746e-07,
          "sem": 6.258487701416015e-07,
          "ci95": 1.2266635894775387e-06,
          "min": 0.9999790787696838,
          "max": 0.9999803304672241,
          "n": 2,
          "values": [
            0.9999790787696838,
            0.9999803304672241
          ]
        },
        "label_noise_frac": {
          "mean": 0.0,
          "std": 0.0,
          "sem": 0.0,
          "ci95": 0.0,
          "min": 0.0,
          "max": 0.0,
          "n": 2,
          "values": [
            0.0,
            0.0
          ]
        }
      }
    ],
    "selection": {
      "per_seed": [
        "g3",
        "g3"
      ],
      "counts": {
        "g3": 2
      },
      "modal": "g3",
      "modal_fraction": 1.0
    },
    "regret_at_selected": {
      "mean": 0.0,
      "std": 0.0,
      "sem": 0.0,
      "ci95": 0.0,
      "min": 0.0,
      "max": 0.0,
      "n": 2,
      "values": [
        0.0,
        0.0
      ]
    },
    "rank": {
      "mean": 1.0,
      "std": 0.0,
      "sem": 0.0,
      "ci95": 0.0,
      "min": 1.0,
      "max": 1.0,
      "n": 2,
      "values": [
        1.0,
        1.0
      ]
    },
    "rank_per_seed": [
      1,
      1
    ],
    "topk": 3,
    "topk_hit_rate": 1.0,
    "oracle_best_per_seed": [
      "g3",
      "g3"
    ],
    "tau": {
      "mean": 0.8615515100955964,
      "std": 0.0070799776556407,
      "sem": 0.0050063002109527735,
      "ci95": 0.009812348413467436,
      "min": 0.8565452098846436,
      "max": 0.8665578103065491,
      "n": 2,
      "values": [
        0.8565452098846436,
        0.8665578103065491
      ]
    },
    "tau_stability": {
      "mean": 1.0,
      "std": 0.0,
      "sem": 0.0,
      "ci95": 0.0,
      "min": 1.0,
      "max": 1.0,
      "n": 2,
      "values": [
        1.0,
        1.0
      ]
    },